id,document,Tags,content
3468839,Commentaires_globaux_Test_1et2,MonCal.Facts.RF,Il y a beaucoup de bonnes réponses (31) et peu d’erreurs (9) et aucune ignorance
3468842,Commentaires_globaux_Test_1et2,MonCal.Facts.DC,La courbe de bonnes réponses correspond à la courbe en J mais pas celle des erreurs qui est légèrement inversée.
3469297,Commentaires_globaux_Test_1et2,MotOrient.SelfEff,Je semble donc plutôt sur de moi-même dans l’erreur.
3469300,Commentaires_globaux_Test_1et2,CTRL,"Pour le prochain test, il faudrait que je vérifie si je suis vraiment et que j’accepte plus mon ignorance à certains moments sur certains sujets."
,,,
3468854,Commentaires_globaux_Test_1et2,MonCal.Facts.DC,"Globalement, il y a plus de savoirs certains que d’erreurs dangereuses (21 vs 7). Il y a aussi plus de savoirs fragiles que d’erreurs présumées (6 vs 4) pour 2 ignorances"
3469301,Commentaires_globaux_Test_1et2,MonCal.Interpret,Je trouve ces graphiques assez bien malgré le fait qu’il faudrait qu’il y ait beaucoup moins d’erreurs dangereuses
3469303,Commentaires_globaux_Test_1et2,CTRL,"Lors du prochain test, il faudrait que je fasse moins d’erreurs dangereuses, notamment en mettant que je suis moins sure quand j’ai des doutes."
,,,
3470104,Commentaires_globaux_Test_1et2,MonCal.Interpret,"A des moments quand la réponse était fausse, j’étais sûre que c’était vrai."
3470110,Commentaires_globaux_Test_1et2,DomKldg,"Et lorsque les réponses étaient justes, il y en avait que je n’étais pas sur à 100% car les notions n’étaient pas acquises réellement."
,,,
3470111,Commentaires_globaux_Test_1et2,MonCal.Facts.RF,Globalement j’ai plus de réponses correctes que de réponses incorrectes et j’ai zéro ignorance.
3470112,Commentaires_globaux_Test_1et2,MotOrient.SelfEff,Mais je peux faire mieux la prochaine fois
3470115,Commentaires_globaux_Test_1et2,MonCal.Facts.DC,"Sur les courbes J, j’ai plus d’erreurs dangereuses et de savoirs fragiles."
,,,
3470118,Commentaires_globaux_Test_1et2,MonCal.Facts.RF,"23/40 , erreur dangereuses 14 , erreurs présumées 3 , ignorance 1 , savoir fragile 5 , savoir certains 17"
3470120,Commentaires_globaux_Test_1et2,CTRL,"Pour faire mieux, il faudrait que je sois moins sûr de moi et que je fasse preuve de plus de prudence car j’hésite pas assez."
,,,
3470123,Commentaires_globaux_Test_1et2,MonCal.Facts.RF,J’ai eu 30/40
3470126,Commentaires_globaux_Test_1et2,MonCal.Interpret,je pensais être sur des résultats pour lesquels j’ai eu erreur dangereuse
3470127,Commentaires_globaux_Test_1et2,CTRL,Je pense qu’il faut que je sois plus prudent.
3470131,Commentaires_globaux_Test_1et2,DomKldg,Je devrais relire mes cours de l’année précédente et du début d’année.
,,,
3470133,Commentaires_globaux_Test_1et2,MonCal.Facts.RF,"Mon résultat 30/40 , 8 réponses incorrectes , 5 ignorances , 27 réponses correctes"
3470136,Commentaires_globaux_Test_1et2,StratKldg,Mes erreurs sont principalement dues a des oublis ou a des erreurs de lecture graphiques.
3470141,Commentaires_globaux_Test_1et2,MonCal.Facts.DC,"J’étais régulier dans mes connaissances, soit j’étais sûr à plus de 80% soit très peu (5 ignorances et 3 savoirs fragiles)."
3470142,Commentaires_globaux_Test_1et2,CTRL,"Je pourrais être davantage réaliste en vérifiant les énoncés, les graphiques et mes réponses."
,,,
3955549,Commentaires_globaux_Test_1et2,MonCal.Facts.RF,Majorité de réponses juste (30/40)
3993229,Commentaires_globaux_Test_1et2,MonCal.Facts.DC,"dont 28 savoirs certains, 1 savoir fragile, 1 ignorance. 8 erreurs dangereuses et 2 erreurs présumées Peu d’écart lorsqu’il s’agit de la courbe des correctes, et courbe inversée pour les incorrectes."
,,,
3955564,Commentaires_globaux_Test_1et2,BDS.Emotions,je me sens nul
3955555,Commentaires_globaux_Test_1et2,MonCal.Facts.DC,si y a 26 savoirs certains
3955557,Commentaires_globaux_Test_1et2,BDS.Emotions,triste de ne pas avoir su répondre à 3 questions
3955558,Commentaires_globaux_Test_1et2,CTRL,J’aurai pu faire mieux en prenant plus mon temps
,,,
3955567,Commentaires_globaux_Test_1et2,MonCal.Facts.RF,Globalement il y a 26 réponses justes 12 réponses incorrectes et 2 ignorances
3955570,Commentaires_globaux_Test_1et2,DomKldg,Ce score provient d’oublis de connaissance de manques de connaissance.
,,,
3955583,Commentaires_globaux_Test_1et2,CTRL,Pour la prochaine je pourrais prendre plus mon temps
,,,
3955585,Commentaires_globaux_Test_1et2,MonCal.Facts.RF,Globalement j’ai eu plus de réponse correctes (20) malgré 17 réponses incorrects et 3 ignorances.
3955587,Commentaires_globaux_Test_1et2,MonCal.Interpret,Je pense que je suis prudente et que je ne suis pas non plus sur à chaque fois de moi.
3955588,Commentaires_globaux_Test_1et2,MotOrient.SelfEff,Je pourrais devenir davantage réaliste en prenant plus confiance en moi.
,,,
3955593,Commentaires_globaux_Test_1et2,MonCal.Facts.RF,J’ai beaucoup de bonnes réponses
3955596,Commentaires_globaux_Test_1et2,MonCal.Facts.DC,Mon nombre d’erreurs dangereuses est bien au-dessus de la courbe en J
3955597,Commentaires_globaux_Test_1et2,MonCal.Interpret,"Sois-je suis très peu sûre, soit je suis totalement sûre, ce qui donne un graphique assez différent des courbes en J"
3955599,Commentaires_globaux_Test_1et2,CTRL,La moitié de mes erreurs sont des erreurs d’inattention qui pourront être corrigées au prochain test si je suis plus attentive.
,,,
3955603,Commentaires_globaux_Test_1et2,MonCal.Facts.DC,Beaucoup d’incertitudes et d’erreurs
3955604,Commentaires_globaux_Test_1et2,BDS.Emotions,je ne suis pas déçu du résultat
3955606,Commentaires_globaux_Test_1et2,MonCal.Facts.RF,"Mes courbes relèvent beaucoup de bonnes réponses mais pas à 100%, et des erreurs assez nombreuses"
3955607,Commentaires_globaux_Test_1et2,CTRL,"Pour le prochain test, il faut que je revois un coup mon cours de 1ère car ça date maintenant"
,,,
3955609,Commentaires_globaux_Test_1et2,MonCal.Facts.RF,"globalement j’ai eu 29 réponses correctes, 11 incorrectes et 0 ignorance"
3955610,Commentaires_globaux_Test_1et2,CTRL,"Pour espérer devenir davantage réaliste lors du prochain, je compte prendre plus de temps pour répondre afin d’éviter les erreurs d’inattention"
,,,
3955612,Commentaires_globaux_Test_1et2,BDS.Emotions,Mon résultat est assez satisfaisant
3955613,Commentaires_globaux_Test_1et2,DomKldg,Je vais devoir combler mes lacunes avec la fin du test
3955614,Commentaires_globaux_Test_1et2,MonCal.Interpret,Sur l’ensemble j’étais assez prudent
3955615,Commentaires_globaux_Test_1et2,CTRL,pour avoir un meilleur score je vais devoir prendre plus mon temps pour éviter les erreurs d’inattention et de lecture.
,,,
3955617,Commentaires_globaux_Test_1et2,MonCal.Facts.RF,"Globalement, mon score est correct (équivaut à 16/20)"
3955618,Commentaires_globaux_Test_1et2,MonCal.Facts.DC,je reste souvent sur de mes erreurs
3955620,Commentaires_globaux_Test_1et2,MonCal.Interpret,J’ai trop d’erreurs dangereuses
3955621,Commentaires_globaux_Test_1et2,MonCal.Interpret,Mon score révèle donc de l’imprudence
3955623,Commentaires_globaux_Test_1et2,CTRL,"Pour améliorer mes résultats lors du prochain test, je devrais être davantage attentif sur les questions subtiles et faire attention aux pièges ou à ne pas lire trop vite la question"
,,,
3955627,Commentaires_globaux_Test_1et2,MonCal.Facts.RF,"Globalement, il y a beaucoup de réponses correctes (31), peu de réponses incorrectes (9) et aucune ignorance"
3955630,Commentaires_globaux_Test_1et2,DomKldg,Ce score global peut s’attribuer à des connaissances suffisamment solides que je peux avoir en physique-chimie pour me débrouiller assez bien.
3955630,Commentaires_globaux_Test_1et2,MotOrient.SelfEff,Ce score global peut s’attribuer à des connaissances suffisamment solides que je peux avoir en physique-chimie pour me débrouiller assez bien.
3955632,Commentaires_globaux_Test_1et2,MonCal.Facts.DC,"Par rapport aux écarts, ma courbe des réponses correctes forme bien un J mais pas celle des réponses incorrectes."
3955636,Commentaires_globaux_Test_1et2,MonCal.Interpret,Cela signifie donc que je serai plutôt trop imprudent (la plupart de mes fautes étant dans les alentours de 100% à 80%).
3955642,Commentaires_globaux_Test_1et2,CTRL,que je prenne plus de temps pour bien répondre aux questions pour ne rien bâcler ou oublier
,,,
3957280,Commentaires_globaux_Test_1et2,MonCal.Facts.RF,Beaucoup de réponses correctes
3957283,Commentaires_globaux_Test_1et2,MonCal.Interpret,pas mal de prudence de ma part (beaucoup de 80-90% de certitude)
3957284,Commentaires_globaux_Test_1et2,CTRL,"Pour être plus réaliste, il faudrait que je sois plus sûr de moi en mettant davantage des certitudes à 100%."
3957288,Commentaires_globaux_Test_1et2,DomKldg,Les quelques erreurs étaient dues manques de connaissances et des erreurs de calcul.
,,,
3957293,Commentaires_globaux_Test_1et2,MonCal.Facts.RF,Globalement beaucoup de réponses correctes
3957298,Commentaires_globaux_Test_1et2,DomKldg,Erreurs seulement sur des oublis de cours
3957299,Commentaires_globaux_Test_1et2,DomKldg,Revoir les bases de certaines matières
,,,
3957301,Commentaires_globaux_Test_1et2,MonCal.Facts.RF,J’ai beaucoup de réponses correctes (32) peu d’incorrectes (3 ED et 3 EP) et 2 ignorances.
3957302,Commentaires_globaux_Test_1et2,MonCal.Facts.DC,J’ai eu beaucoup de savoirs fragiles (8)
3957303,Commentaires_globaux_Test_1et2,MonCal.Interpret,je suis trop prudent
3957306,Commentaires_globaux_Test_1et2,CTRL,Être sur et plus rapide (38min) pour la prochaine fois
,,,
3957307,Commentaires_globaux_Test_1et2,MonCal.Facts.RF,"Beaucoup de réponses correctes, quelques réponses incorrectes"
3957310,Commentaires_globaux_Test_1et2,MonCal.Facts.DC,quelques réponses faibles.
3957314,Commentaires_globaux_Test_1et2,MonCal.Interpret,être plus prudent par rapport au test
3957316,Commentaires_globaux_Test_1et2,CTRL,être plus concentré
,,,
3957317,Commentaires_globaux_Test_1et2,MonCal.Facts.RF,"Mon résultats 14/40 , 23 réponses correctes et une réponse correcte dans ignorance , en tout j’ai fait 4 ignorances."
4010433,Commentaires_globaux_Test_1et2,MonCal.Interpret,"Ce résultat global est du à certaines hésitations. D’après mes résultats et la courbe en J, mes résultats relève de l’imprudence"
3957330,Commentaires_globaux_Test_1et2,CTRL,"Pour devenir davantage réaliste lors du prochain test, je passerai plus de temps sur chaque question tout en essayant d’avoir le maximum de savoir certain ou de savoir fragile si je n’ai aucune connaissance précise de la question posée par exemple"
,,,
3957333,Commentaires_globaux_Test_1et2,MonCal.Interpret,J’ai globalement beaucoup d’incertitudes.
3957336,Commentaires_globaux_Test_1et2,MonCal.Facts.DC,J’ai plus de réponses correctes mais mon savoir est assez fragile.
3957337,Commentaires_globaux_Test_1et2,MonCal.Interpret,J’ai fait preuve de prudence.
,,,
3957343,Commentaires_globaux_Test_1et2,MonCal.Facts.DC,4 réponses incorrectes avec 3 erreurs dangereuses et 1 erreur présumée. 2 réponses d’ignorances qui sont déclarées. et 22 réponses correctes avec 4 savoir fragile et 18 savoir certains.
,,,
3957347,Commentaires_globaux_Test_1et2,MonCal.Facts.RF,"Globalement, beaucoup de réponses correctes (18/28), 3 ignorances et 7 erreurs"
3957351,Commentaires_globaux_Test_1et2,MonCal.Facts.DC,J’ai fait tout de même 5 erreurs dangereuses
3957353,Commentaires_globaux_Test_1et2,DomKldg,sûrement dues à des erreurs de connaissances
3957354,Commentaires_globaux_Test_1et2,MonCal.Interpret,ce qui est relativement élevé
3957357,Commentaires_globaux_Test_1et2,CTRL,"Pour m’améliorer, je pense mettre je suis presque sûre au lieu de je suis sûr pour des réponses où je suis à moitié confiante."
,,,
3957359,Commentaires_globaux_Test_1et2,StratKldg,Il faudrait que j’aie plus de réponses en erreur présumée et savoir fragile pour éviter les erreurs dangereuses.
3957361,Commentaires_globaux_Test_1et2,StratKldg,Mais les risques pris en savoir certain ont permis une augmentation des points.
3957362,Commentaires_globaux_Test_1et2,MonCal.Facts.DC,"Je n’ai pas trop d’écart avec les courbes j pour (les erreurs dangereuses - barré) et réponses de savoir certain mais bcp de différence avec le reste, j’ai moins de savoirs fragiles et d’erreurs présumées."
,,,
3957364,Commentaires_globaux_Test_1et2,MonCal.Facts.RF,J’ai eu 23/28 avec 23 savoir certain.
3957366,Commentaires_globaux_Test_1et2,DomKldg,Les erreurs que j’ai faites étaient sur ce que je ne savais vraiment pas
3957368,Commentaires_globaux_Test_1et2,MotOrient.SelfEff,Je suis assez satisfait des résultats par rapport à ma mémoire à long terme qui n’est pas géniale.
,,,
3957369,Commentaires_globaux_Test_1et2,MonCal.Facts.RF,Globalement j’ai presque le double de réponse correct par rapport au réponses incorrectes et seulement 2 ignorances.
3957372,Commentaires_globaux_Test_1et2,MonCal.Facts.DC,La courbe de réponses correctes suit presque la courbe en J avec quand même beaucoup de savoir fragile malgré qu’il y en a beaucoup moins que de savoir certain. Cependant la courbe de réponse incorrectes ne suit pas du tout la courbe en pointillés puisqu’il y a beaucoup d’erreurs dangereuses 6 pour 9 réponses incorrect.
3957375,Commentaires_globaux_Test_1et2,CTRL,Lors du prochain test il faudrait diminuer le nombre d’erreurs dangereuses et me rapprocher de la courbe en J et aussi diminuer le savoir fragile afin d’être plus certaine.
,,,
3957380,Commentaires_globaux_Test_1et2,BDS.Emotions,mais je suis heureux de posséder un esprit très intuitif.
,,,
3957381,Commentaires_globaux_Test_1et2,MonCal.Facts.RF,18 réponses correctes 9 réponses fausses dangereuses 1 réponse ignorante-Imprudence
,,,
3957384,Commentaires_globaux_Test_1et2,DomKldg,dû au fait que je confonds des notions de cours
3991617,Commentaires_globaux_Test_1et2,MonCal.Facts.RF,J’ai quasiment le même nombre de réponse juste (13) et de fausses (9)
3991621,Commentaires_globaux_Test_1et2,StratKldg,mal lu le document
3991645,Commentaires_globaux_Test_1et2,StratKldg, je ne veux pas être déçu face à une réponse fausse.
3991647,Commentaires_globaux_Test_1et2,StratKldg,Les erreurs présumées j’ai beaucoup de 70% parce que j’ai réfléchi mais pas au max donc j’ai pu faire des erreurs
3991652,Commentaires_globaux_Test_1et2,MotOrient.Value,Et les ignorances déclarées c’est parce que je suis fatigué et pas motivé pour beaucoup réfléchir donc je n’avais pas envie de me lancer dans de grandes réflexion.
3991657,Commentaires_globaux_Test_1et2,CTRL,Je pense que je m’appliquerais plus et les réponses où je pense avoir faux je mettrais 60% au lieu de 70% de même que pour le savoir j’essayerais d’être plus confiante sur mes connaissances.
,,,
3991661,Commentaires_globaux_Test_1et2,MonCal.Facts.DC,100% de savoir certain mais aussi 100% d’erreur dangereuse
3991662,Commentaires_globaux_Test_1et2,MonCal.Interpret,révèle de l’imprudence
3991664,Commentaires_globaux_Test_1et2,MotOrient.SelfEff,Il faudrait que je sois moins sûr de vrai et que soit moins tranchée sur mes connaissances.
,,,
3991665,Commentaires_globaux_Test_1et2,MonCal.Facts.RF,"Sur 28 questions, il y a 24 réponses correctes, 0 ignorance déclarée et 4 réponses incorrectes."
3991668,Commentaires_globaux_Test_1et2,DomKldg,Les 4 mauvaises réponses sont sur les formules (3) et une sur le ph.
3991669,Commentaires_globaux_Test_1et2,MonCal.Interpret,La courbe montre un peu trop de prudence.
,,,
3991672,Commentaires_globaux_Test_1et2,MonCal.Facts.RF,Réponses incorrectes : 4ignorances : 7réponses correctes
3991675,Commentaires_globaux_Test_1et2,MonCal.Interpret,les courbes révèlent de la prudence.
,,,
3991678,Commentaires_globaux_Test_1et2,MonCal.Interpret,"Les erreurs dangereuses en était globalement peut nombreuse mêmes si ce n’est pas encore ça, mais je trouve que j’ai un savoir un peu fragile même si globalement c’est bien."
3991680,Commentaires_globaux_Test_1et2,DomKldg,Je vais préciser mes connaissances.
,,,
3991686,Commentaires_globaux_Test_1et2,MonCal.Facts.RF,"Globalement il y a beaucoup de réponses correctes, score globale = 22/28"
3991687,Commentaires_globaux_Test_1et2,MonCal.Facts.DC,pour les réponses correctes les résultats correspondent à la courbe en J mais pour celles incorrectes il y a trop d’erreurs dangereuses (4)
3991690,Commentaires_globaux_Test_1et2,MonCal.Interpret,Cela révèle un peu trop d’imprudence
3991692,Commentaires_globaux_Test_1et2,CTRL,Etre plus attentive aux termes de la question et répondre moins vite
,,,
3991694,Commentaires_globaux_Test_1et2,MonCal.Facts.RF,"Globalement, sur 28 questions, j’ai obtenu 23 réponses correctes, 3 incorrectes et 2 où je ne savais pas."
3991697,Commentaires_globaux_Test_1et2,StratKldg,Ce score global est sûrement du au temps passé sur le test (40 min).
3991701,Commentaires_globaux_Test_1et2,MonCal.Facts.DC,J’observe un écart quant à la certitude de mes réponses juste
3991702,Commentaires_globaux_Test_1et2,MotOrient.SelfEff,je ne suis pas assez sûre de moi.
3991704,Commentaires_globaux_Test_1et2,CTRL,Je pourrais être plus réaliste en ayant plus sur de moi lorsque je réponds.
,,,
3991731,Commentaires_globaux_Test_1et2,MonCal.Facts.RF,Erreur dangereuse : 6 Savoir fragile 5 erreur présumée : 2 Savoir certain 15
3991735,Commentaires_globaux_Test_1et2,CTRL,Il faudrait que je sois meilleur pour distinguer mes erreurs à l’avance.
3991740,Commentaires_globaux_Test_1et2,StratKldg,"J’ai souvent du mal avec les QCM, je suis influencé par les questions."
,,,
3991741,Commentaires_globaux_Test_1et2,MonCal.Facts.RF,"Le score total est de 23/28,"
4010456,Commentaires_globaux_Test_1et2,MonCal.Facts.DC,Mes courbes ne correspondent pas trop au courbe en J
4010458,Commentaires_globaux_Test_1et2,MonCal.Interpret,j’ai été trop prudente globalement
3991751,Commentaires_globaux_Test_1et2,CTRL,"Pour devenir davantage réaliste, il faudrait que je passe plus de temps pour répondre à la question."
,,,
3991753,Commentaires_globaux_Test_1et2,MonCal.Interpret,Test correct dans l’ensemble
3991755,Commentaires_globaux_Test_1et2,MonCal.Facts.RF,"1 erreur dangereuse, 3 erreurs présumées, 3 ignorances déclarées, 3 savoir fragile et 18 savoir certains"
3991759,Commentaires_globaux_Test_1et2,MotOrient.Value,Test complet et intéressant
,,,
4010465,Commentaires_globaux_Test_1et2,MonCal.Interpret,Mes notes sont assez bonnes
4010466,Commentaires_globaux_Test_1et2,DomKldg,malgré des connaissances plutôt approximatives.
,,,
3991772,Commentaires_globaux_Test_1et2,MonCal.Interpret,Très bon test
3991777,Commentaires_globaux_Test_1et2,CTRL,Il faudrait peut-être écrire des conclusions en fonction des résultats obtenus
,,,
4010468,Commentaires_globaux_Test_1et2,MonCal.Interpret,Mon test est plutôt réussi
3991784,Commentaires_globaux_Test_1et2,DomKldg,malgré des connaissances approximatives
3993343,Commentaires_globaux_Test_1et2,DomKldg,Il faudrait plus de connaissances pour mieux le réussir.
,,,
3991790,Commentaires_globaux_Test_1et2,MonCal.Facts.RF,"beaucoup de réponses correctes (21), pas d’ignorance, 7 réponses fausses (erreurs dangereuses)"
3991796,Commentaires_globaux_Test_1et2,StratKldg,"j’ai parfois mal lu les questions, lu trop vite et du coup, j’ai loupé des données ou mal vu certaines données."
3991803,Commentaires_globaux_Test_1et2,MonCal.Interpret,j’ai pas mal d’erreurs dangereuses -> imprudence
3991808,Commentaires_globaux_Test_1et2,CTRL,"plus réfléchir avant de répondre, aller moins vite, bien vérifier mes réponses."
,,,
3991810,Commentaires_globaux_Test_1et2,MonCal.Facts.RF,Beaucoup de réponses correctes (23/28)
3991811,Commentaires_globaux_Test_1et2,MonCal.Facts.DC,"dont 19 en savoir certain, 1 en savoir fragile, 3 en ignorance déclarée. -> 5 erreurs dont 4 en erreur dangereuse et 1 en erreur présumée"
3991813,Commentaires_globaux_Test_1et2,StratKldg,certaines erreurs dû à de l’inattention ou à la vitesse de lecture (trop vite)
3991866,Commentaires_globaux_Test_1et2,MonCal.Interpret,Révèle que j’ai manqué de prudence sur certains points
3991867,Commentaires_globaux_Test_1et2,CTRL,Prendre mon temps
3991869,Commentaires_globaux_Test_1et2,MotOrient.SelfEff,pas mettre 100% sûr alors qu’un doute est là
,,,
3991871,Commentaires_globaux_Test_1et2,MonCal.Facts.RF,"Globalement, il y a eu beaucoup de réponses correctes et peu de réponses incorrectes, il n’y a pas eu d’ignorance"
3991873,Commentaires_globaux_Test_1et2,DomKldg,Ce score global montre des connaissances mais quelques partialités en général.
3991881,Commentaires_globaux_Test_1et2,MonCal.Facts.DC,"Pour les réponses incorrectes, il y a plus d’erreur à 90% / 80% de certitude et cela ne suit pas la courbe en J. En revanche, pour les réponses correctes, plus la courbe augmente, plus le savoir certain augmente aussi malgré 60% de certitude au début. Mais relativement de faibles écarts entre la courbe en J et résultats"
3991884,Commentaires_globaux_Test_1et2,MonCal.Interpret,Cela révèle donc de certaines imprudences au niveau du jugement.
3991889,Commentaires_globaux_Test_1et2,CTRL,"Afin de devenir d’avantage réaliste, je devrais mettre une plus faible certitude sur les hésitations"
3991891,Commentaires_globaux_Test_1et2,DomKldg,je devrais me concentrer plus sur les questions techniques et complexes.
,,,
3991898,Commentaires_globaux_Test_1et2,MotOrient.SelfEff,Je n’étais pas très sûr de moi
3991899,Commentaires_globaux_Test_1et2,MonCal.Facts.RF,j’ai fait beaucoup d’erreurs
,,,
3991913,Commentaires_globaux_Test_1et2,DomKldg,Mes connaissances semblent suffisantes
3991914,Commentaires_globaux_Test_1et2,MonCal.Facts.RF,j’ai beaucoup plus de réponses correctes qu’incorrectes (23/28).
3991919,Commentaires_globaux_Test_1et2,MotOrient.SelfEff,mon jugement est moyennement réaliste 
3991922,Commentaires_globaux_Test_1et2,MonCal.Interpret,Je pense que je suis trop imprudent : il n’y a aucune ignorance mais beaucoup de réponses certaines entraînant des erreurs dangereuses et peu de savoirs fragiles.
3991925,Commentaires_globaux_Test_1et2,DomKldg,"Je devrais mieux apprendre mes définitions et formules, mieux maîtriser l’analyse dimensionnelle"
3991933,Commentaires_globaux_Test_1et2,MonCal.Interpret,être plus prudent.
,,,
3991961,Commentaires_globaux_Test_1et2,MonCal.Facts.DC,"Je vois qu’il y a qu’une ignorance ce qui est pas mal, après il y a 7 erreurs dangereuses"
3991963,Commentaires_globaux_Test_1et2,StratKldg,Mais il y avait quelques questions subtiles qui induisaient en erreur si on ne possède pas un bon instinct
3991966,Commentaires_globaux_Test_1et2,BDS.Emotions,Je suis quand même plutôt content de mon résultat
3991972,Commentaires_globaux_Test_1et2,CTRL,je pourrais mieux réussir la prochaine fois avec un brouillon et un peu plus de motivation
,,,
3991973,Commentaires_globaux_Test_1et2,MonCal.Facts.RF,J’ai une proportion de réponses corrects supérieur à celles incorrects et aucune ignorance.
3991977,Commentaires_globaux_Test_1et2,MonCal.Facts.DC,Mais des erreurs dangereuses. Les courbes de mes résultats ne suivent pas les courbes en J
3991979,Commentaires_globaux_Test_1et2,MotOrient.SelfEff,j’ai donc tendance a être trop confiant sur des réponses fausses et pas assez sur des réponses exacts.
3991981,Commentaires_globaux_Test_1et2,CTRL,Pour les test à venir il faudrait que je doute plus des réponses au quelles je suis susceptible d’avoir faux et que je sois plus sure des questions auxquelles j’ai justes.
,,,
3991984,Commentaires_globaux_Test_1et2,MonCal.Facts.RF,Résultat de 23/28 questions
3991987,Commentaires_globaux_Test_1et2,MonCal.Facts.DC,Je suis plutôt sûre de mes réponses car je suis soit en savoir certain soit en erreur dangereuse
3991991,Commentaires_globaux_Test_1et2,StratKldg,"Mes erreurs sont en général dues à de l’inattention (ex: son dans l’eau, je me dis que 1,5. 10^3 < 340 alors que mon résultat est juste, pareil pour l’énergie dans ma tête 10^-9 > 10^-4)"
3991993,Commentaires_globaux_Test_1et2,DomKldg,il faut que je renforce ma maîtrise des puissances de 10)
,,,
3992005,Commentaires_globaux_Test_1et2,MonCal.Facts.DC,"Globalement il y a beaucoup de réponses correctes (20) qui ont été pour la plupart attribué à un savoir certain (certitude 100%), par contre 5 réponses dangereuses (et 2 ignorances)."
3992009,Commentaires_globaux_Test_1et2,CTRL,"Pour être davantage réaliste lors du prochain test, il faudrait lorsqu’une de mes réponses n’est pas certaine à 100%, baisser le pourcentage à 80% ou à 60 % pour être plus prudente."
,,,
3992015,Commentaires_globaux_Test_1et2,MonCal.Facts.RF,Il y a beaucoup de réponses correctes mais je suis peu sûre de mes connaissances
3992016,Commentaires_globaux_Test_1et2,MonCal.Interpret,Je suis prudente parfois trop
3992018,Commentaires_globaux_Test_1et2,MotOrient.SelfEff,il faut que je prenne confiance en moi.
,,,
3992020,Commentaires_globaux_Test_1et2,MonCal.Facts.RF,"Sur 48 questions, j’ai eu 41 bonnes réponses dont 32 où j’étais presque sûre"
3992021,Commentaires_globaux_Test_1et2,CTRL,je pourrais améliorer ma courbe en étant plus sûre de moi.
3992026,Commentaires_globaux_Test_1et2,DomKldg,J’ai également fait 2 erreurs dangereuses et 3 erreurs présumées sur des questions auxquelles je ne connaissais majoritairement pas le cours (=> revoir les filtres d’absorption !)
3992030,Commentaires_globaux_Test_1et2,DomKldg,mais pour cela je pense qu’il est nécessaire de bien revoir mon cours et de le connaitre mieux afin que je réponde automatiquement à certaines questions et à ne pas douter.
,,,
3992032,Commentaires_globaux_Test_1et2,MonCal.Facts.RF,"Globalement, j’ai beaucoup de réponses correctes mais seulement 15% d’erreurs dangereuses"
3992033,Commentaires_globaux_Test_1et2,DomKldg,une grosse partie est due au fait que je ne connaissais pas mes formules
3992038,Commentaires_globaux_Test_1et2,MotOrient.SelfEff,"De manière générale, je suis plutôt réaliste"
3992041,Commentaires_globaux_Test_1et2,CTRL,Il faut que je m’entraine plus pour le prochain test
3992043,Commentaires_globaux_Test_1et2,DomKldg,"Mais de manière générale, mes connaissances sont suffisantes."
,,,
3992046,Commentaires_globaux_Test_1et2,CTRL,Fautes d’intention-> faire plus attention aux détails.
3992048,Commentaires_globaux_Test_1et2,DomKldg,Faire attention aux relations de type quand lambda (symbole) alors f
,,,
3992049,Commentaires_globaux_Test_1et2,MonCal.Facts.RF,"Globalement, j’ai beaucoup de réponses correctes dont beaucoup de savoirs certains. Cependant, j’ai aussi pas mal d’erreurs dangereuses par rapport aux erreurs présumées. Il y a un assez grand écart avec la courbe en J concernant les réponses incorrectes."
3992050,Commentaires_globaux_Test_1et2,MonCal.Interpret,Je ne suis peut-être pas assez prudente.
,,,
3992054,Commentaires_globaux_Test_1et2,MonCal.Facts.RF,"J’ai 36 réponses justes sur 48, la plupart des savoirs."
3992057,Commentaires_globaux_Test_1et2,MonCal.Facts.DC,"J’ai 12 erreurs, 2 dans l’ignorance déclarée, 4 dans les erreurs présumées"
3992059,Commentaires_globaux_Test_1et2,DomKldg,ce sont les chapitres que je maitrisais moins.
3992063,Commentaires_globaux_Test_1et2,StratKldg,"J’ai 6 erreurs dangereuses ce sont les erreurs de calculs, d’inattention et de mauvaise lecture."
,,,
3992065,Commentaires_globaux_Test_1et2,MonCal.Facts.DC,"Globalement, il y a quelques erreurs dangereuses (3) et présumées (3) et une majorité de réponses correctes. La courbe ne J atteint son maximum dans les réponses correctes pour 80%."
3992067,Commentaires_globaux_Test_1et2,MotOrient.SelfEff,On peut constater un manque de confiance concernant les connaissances acquises et comprises.
3992070,Commentaires_globaux_Test_1et2,CTRL,"Pour le prochain test, il serait préférable de prendre confiance vis à vis des réponses certaines"
3992074,Commentaires_globaux_Test_1et2,CTRL,éviter les erreurs dangereuses en prêtant attention à l’énoncé (bien lire l’énoncé).
,,,
3992112,Commentaires_globaux_Test_1et2,MonCal.Facts.DC,J’ai plutôt pas mal de savoir certain
3992113,Commentaires_globaux_Test_1et2,MotOrient.SelfEff,il est vrai que je doute souvent peu de ce que je connais bien
3992114,Commentaires_globaux_Test_1et2,StratKldg,Lors des erreurs dangereuses je pense être allée trop vite et ne pas avoir pris le temps de réfléchir.
3992115,Commentaires_globaux_Test_1et2,CTRL,"Pour la prochaine fois, il faut que je prenne plus de temps pour lire l’énoncé et pour réfléchir."
3992117,Commentaires_globaux_Test_1et2,CTRL,Il faut aussi que je sois un peu plus sûre de moi sur certains points
,,,
3992119,Commentaires_globaux_Test_1et2,MonCal.Facts.RF,"Il y a globalement des réponses correctes même si beaucoup sont incertaines, et une seule erreur dangereuse"
3992121,Commentaires_globaux_Test_1et2,StratKldg,due à une mauvaise lecture du document.
3992123,Commentaires_globaux_Test_1et2,StratKldg,Il faut dont être davantage sûr de mon savoir en révisant mes bases
3992125,Commentaires_globaux_Test_1et2,CTRL,mieux lire les documents
3992129,Commentaires_globaux_Test_1et2,DomKldg,Mes connaissances sont donc suffisantes
3992130,Commentaires_globaux_Test_1et2,MonCal.Interpret,mon jugement globalement réaliste même si trop prudent.
,,,
3992132,Commentaires_globaux_Test_1et2,MonCal.Facts.RF,Il y a beaucoup de réponses correctes (41) quelques réponses incorrectes (7) et pas d’ignorance.
3992133,Commentaires_globaux_Test_1et2,StratKldg,"Les réponses incorrectes sont dues à une mauvaise lecture de l’énoncé, à une question étrange (pentagone) et à quelques erreurs d’inattention."
3992134,Commentaires_globaux_Test_1et2,MonCal.Facts.DC,"Dans l’ensemble, les réponses justes sont certaines."
3992135,Commentaires_globaux_Test_1et2,CTRL,"Pour le prochain test, il faudra que je lise mieux l’énoncé et que j’utilise les bons graphiques."
,,,
3992136,Commentaires_globaux_Test_1et2,MotOrient.SelfEff,J’ai un manque (léger) de confiance
3992139,Commentaires_globaux_Test_1et2,CTRL,Il faut maintenant que j’ose être à 100% sur de mes réponses.
,,,
3994042,Commentaires_globaux_Test_1et2,StratKldg,J’ai fait des erreurs d’inattention tel que l’analyse dimensionnelle où je n’ai pas fait attention à m. s-1
3992141,Commentaires_globaux_Test_1et2,MotOrient.SelfEff,je remarque que je suis trop sûr de moi même un peu trop.
,,,
3992142,Commentaires_globaux_Test_1et2,MonCal.Facts.RF,"Globalement, il y a beaucoup de réponses exactes et assez d’ignorances"
3992145,Commentaires_globaux_Test_1et2,StratKldg,je ne suis pas assez attentive car les 5 erreurs dangereuses que j’ai faites sont en fait des erreurs inattention
3992146,Commentaires_globaux_Test_1et2,StratKldg,mon travail n’est pas assez approfondi.
,,,
3992149,Commentaires_globaux_Test_1et2,MonCal.Facts.RF,Mon savoir est certain
3994053,Commentaires_globaux_Test_1et2,StratKldg,"apprentissage préalable non fait, ce qui résulte d’un manque de savoir"
3994055,Commentaires_globaux_Test_1et2,CTRL,"réviser avant, analyser les réponses dangereuses. Ne pas avoir la flemme de faire les calculs."
,,,
3992155,Commentaires_globaux_Test_1et2,MotOrient.SelfEff,"J’ai globalement un savoir fragile, une confiance assez limitée en mes connaissances"
3992162,Commentaires_globaux_Test_1et2,MonCal.Facts.RF,J’ai un bon nombre de réponses fausses (21) dont la moitié en moitié dangereuse
3992164,Commentaires_globaux_Test_1et2,MonCal.Interpret,parfois liée à une incertitude d’autre fois lié à un pourcentage évalué trop ce qui n’était pas toujours réaliste.
3992166,Commentaires_globaux_Test_1et2,CTRL,Il faut en effet un travail plus rigoureux mais surtout plus régulier
,,,
3992168,Commentaires_globaux_Test_1et2,MonCal.Facts.DC,"40/48 37 savoirs certains, 1 savoirs fragiles, 6 ignorances déclarées, 2 erreurs dangereuses, 2 erreurs présumées. Les erreurs dangereuses"
3992170,Commentaires_globaux_Test_1et2,CTRL,erreur d’inattention -> faire attention à bien lire les énoncés
3992174,Commentaires_globaux_Test_1et2,DomKldg,Une où je pensais savoir alors que je n’ai jamais lu le chapitre sur la nomenclature
3992182,Commentaires_globaux_Test_1et2,DomKldg,Je n’ai pas révisé ni la diffraction ni la nomenclature ( A faire !)
3992183,Commentaires_globaux_Test_1et2,BDS.Emotions,Savoir fragile un seul donc ça va. Savoir certain : Top.
,,,
3992186,Commentaires_globaux_Test_1et2,StratKldg,J’ai des connaissances mais je ne lis pas toujours correctement les énoncés et fais des erreurs inattention en voulant aller trop vite (exemple : ne pas vérifier que 95 est multiple de 19 pensant que ce n’était pas le cas)
,,,
3992189,Commentaires_globaux_Test_1et2,MonCal.Facts.RF,"32 savoirs certains, 2 savoirs fragiles, 7 erreurs présumées, 4 erreurs dangereuses, 3 ignorance déclarée-"
,,,
3992199,Commentaires_globaux_Test_1et2,StratKldg,une erreur dangereuse mal lue
3993424,Commentaires_globaux_Test_1et2,DomKldg,2 erreurs sur les violons. A revoir notamment relation rad et degré (en symbole)
3992207,Commentaires_globaux_Test_1et2,StratKldg,trop de doute fait changer l’intuition => faux
3992209,Commentaires_globaux_Test_1et2,MonCal.Facts.DC,pas d’ignorance déclarée et peu de certitude totale => reste autour de moyenne de certitude
3992210,Commentaires_globaux_Test_1et2,CTRL,"pour le prochain test, moins me laisser déconcentrer par les bruits autour pour passer moins de temps à ressasser les questions"
3992211,Commentaires_globaux_Test_1et2,CTRL,plus s’autoriser des 100%.
,,,
3992212,Commentaires_globaux_Test_1et2,MonCal.Facts.RF,J’ai obtenu globalement d’avantages de réponses correctes que de réponses incorrectes (42/48)
3992214,Commentaires_globaux_Test_1et2,DomKldg,je me rappelle des phrases importantes du cours.
4010491,Commentaires_globaux_Test_1et2,MotOrient.SelfEff,cela révèle que je n’ai pas assez confiance en mes connaissances.
4010493,Commentaires_globaux_Test_1et2,MonCal.Interpret,Je suis donc trop prudente
3992218,Commentaires_globaux_Test_1et2,CTRL,je pourrais ainsi devenir réaliste lors du prochain test en essayant d’avoir d’avantage confiance en mes connaissances
,,,
3992220,Commentaires_globaux_Test_1et2,MonCal.Facts.DC,Beaucoup de réponses correctes/8 réponses incorrectes dont 2 dangereuses
3992222,Commentaires_globaux_Test_1et2,DomKldg,à cause d’un manque de quelques connaissances.
4010498,Commentaires_globaux_Test_1et2,MonCal.Interpret,Résultats montrent de la prudence
4010500,Commentaires_globaux_Test_1et2,MotOrient.SelfEff,mais trop de doutes sur les réponses correctes -> manque de confiance en soi
3992226,Commentaires_globaux_Test_1et2,CTRL,"Pour le prochain test, il faut moins de doutes sur les choses connues."
,,,
3992227,Commentaires_globaux_Test_1et2,MonCal.Facts.RF,"Globalement, il y a beaucoup de réponses correctes et quelques réponses incorrectes et ignorances"
3992229,Commentaires_globaux_Test_1et2,DomKldg,J’attribue ce score au fait que je n’ai pas encore révisé /repassé le dernier chapitre (diffraction)
3992231,Commentaires_globaux_Test_1et2,MonCal.Facts.DC,Sinon la courbe en J est très semblable à mes résultats corrects mais différente à celle de mes résultats incorrects
3992233,Commentaires_globaux_Test_1et2,MonCal.Interpret,je fais donc preuve d’un peu imprudence.
,,,
3992234,Commentaires_globaux_Test_1et2,MonCal.Facts.RF,Résultats : 45 savoirs certains et 3 erreurs dangereuses. 2 erreurs dangereuses
3992235,Commentaires_globaux_Test_1et2,DomKldg,erreurs dangereuses sur les objets colorés en lumière colorée/aux filtres -> erreurs récurrentes les années précédentes ->revoir synthèses soustractive et additive1
3992238,Commentaires_globaux_Test_1et2,MotOrient.SelfEff,"En général, je suis assez sûre de moi concernant mes connaissances en physique-chimie mais en DS j’ai tendance à revenir sur ces certitudes"
3992240,Commentaires_globaux_Test_1et2,StratKldg,"Ce test n’étant pas noté, le stress ne m’a pas fait douter du tout."
,,,
3992853,Commentaires_globaux_Test_1et2,MonCal.Facts.RF,J’ai obtenu deux réponses incorrectes et dix-huit réponses correctes
3992857,Commentaires_globaux_Test_1et2,MonCal.Facts.DC,"Le savoir certain est dominant, peu de savoirs fragiles. Quelques erreurs dangereuses (2)."
3992861,Commentaires_globaux_Test_1et2,CTRL,e pense qu’il faut que je sois plus confiante pour la prochaine fois.
,,,
3992870,Commentaires_globaux_Test_1et2,MonCal.Facts.RF,"Ca va, 13/20 c’est pas exceptionnel mais c’est pas super,"
3992875,Commentaires_globaux_Test_1et2,MonCal.Facts.DC,Mes réponses justes font un J mais pas les fausses
3992879,Commentaires_globaux_Test_1et2,MonCal.Interpret,je suis trop prudent
,,,
3992882,Commentaires_globaux_Test_1et2,MonCal.Facts.RF,12 réponses correctes dont 9 savoirs certains et 3 réponses incorrectes sont 2 erreurs dangereuses. Y’a pas de courbe en J
,,,
3992883,Commentaires_globaux_Test_1et2,MonCal.Facts.RF,J’ai un résultat de 16/20 dont 3 réponses au hasard.
3993447,Commentaires_globaux_Test_1et2,MonCal.Facts.DC,Mes erreurs : j’en ai 3 (2 dangereuses 1 résumée). Mes réponses justes : 14 dont 10 savoirs certains et 4 fragiles
3992887,Commentaires_globaux_Test_1et2,CTRL,Je pense qu’au lieu de mettre 90% je devrais mettre 100% car la plupart du temps j’ai juste.
,,,
3992891,Commentaires_globaux_Test_1et2,BDS.Emotions,Je suis content
3992895,Commentaires_globaux_Test_1et2,MonCal.Facts.RF,la plupart des réponses sont correctes mais quelques erreurs bêtes
,,,
3992909,Commentaires_globaux_Test_1et2,MonCal.Facts.RF,"Erreurs nombreuses (10/20), avec peu de savoirs fragiles (2/9) et un équilibre erreurs dangereuses / présumées."
3992914,Commentaires_globaux_Test_1et2,StratKldg,"Même si lors du test, j’ai malheureusement échangé les réponses de certaines questions (donc deux erreurs dangereuses pour rien) et d’autres étaient ambigües."
3992920,Commentaires_globaux_Test_1et2,MotOrient.Value,J’attends le prochain test avec hâte
,,,
3992925,Commentaires_globaux_Test_1et2,MonCal.Facts.RF,"Sur 20 questions, j’ai eu une seule erreur que j’ai jugée être sûre à 70%. Par rapport aux autres questions, j’ai obtenu un savoir fragile pour 9 questions (j’étais sûre de moi entre 60 et 70%) et j’ai obtenu un savoir certain pour 10 questions (dans lesquels j’étais sure de moi à 80%)."
3992927,Commentaires_globaux_Test_1et2,MotOrient.SelfEff,"Je retiens qu’il faut que je prenne un peu plus confiance en moi puisqu’en soi, j’ai compris les leçons (j’ai obtenu 19/20)"
3992929,Commentaires_globaux_Test_1et2,StratKldg,"Pour certaines questions, j’ai voulu être prudente en mettant sur à 60% alors que j’avais un peu plus confiance dans ma réponse"
,,,
3992934,Commentaires_globaux_Test_1et2,MonCal.Facts.RF,"Globalement je suis sûr de moi et je n’ai que peu d’erreurs. Pour les réponses correctes, j’ai une courbe en J mais pour les fausses, j’ai un J aplati."
3992936,Commentaires_globaux_Test_1et2,CTRL,Je devrais être plus prudent pour les prochains.
,,,
3992939,Commentaires_globaux_Test_1et2,MonCal.Facts.RF,"2/2070% pour réponse juste, certitude faible, Majoritairement : erreurs dangereuses."
,,,
3992942,Commentaires_globaux_Test_1et2,MonCal.Facts.RF,"J’ai eu 12 réponses justes dont 11 où j’étais sûr à 100% et une incertaine. 2 questions ou j’ignorais la réponse, et 6 réponses fausses. Sur ces 6 réponses, j’étais dans l’erreur dangereuse 5 fois."
4010505,Commentaires_globaux_Test_1et2,CTRL,Je pense que je dois être plus prudent lorsque je réponds à une question
4010506,Commentaires_globaux_Test_1et2,MotOrient.SelfEff,je suis trop sûr de moi
,,,
3992952,Commentaires_globaux_Test_1et2,MonCal.Facts.RF,"Globalement, il y a beaucoup de bonnes réponses et peu d’ignorances. Cependant il y a 1 erreur dangereuse."
3992955,Commentaires_globaux_Test_1et2,MotOrient.SelfEff,Je suis plutôt sûr de moi.
3992956,Commentaires_globaux_Test_1et2,DomKldg,Il me faut mieux connaitre mon cours plus tard.
,,,
3992959,Commentaires_globaux_Test_1et2,MonCal.Facts.RF,"Sur 19 bonnes réponses, 15 sont en savoirs certains, 4 en savoir fragiles,"
3992961,Commentaires_globaux_Test_1et2,MotOrient.SelfEff,Il faut donc que je me fasse confiance
3992966,Commentaires_globaux_Test_1et2,MonCal.Interpret,Cela signifie que je suis prudente lorsque j’ai un doute
3992971,Commentaires_globaux_Test_1et2,CTRL,Il faut donc que je me fasse plus confiance pour avoir une meilleure courbe J dans les réponses justes.
,,,
3992977,Commentaires_globaux_Test_1et2,MonCal.Facts.RF,"Il n’y a pas d’erreurs dangereuses et très peu d’erreurs présumées. Aucune ignorance, et peu de savoirs fragiles. Le savoir certain est dominant."
3992984,Commentaires_globaux_Test_1et2,CTRL,"Pour avoir un bon résultat et de belles courbes, je pense qu’il faut prendre le temps de réfléchir"
3993472,Commentaires_globaux_Test_1et2,CTRL,"pour les calculs par exemple si on trouve le résultat il ne faut pas hésiter à être sûre de soi, et en général aussi, pas que pour les calculs. Il est probablement déconseillé que même si on n’est pas sûr de nos résultats ne pas mettre de pourcentage trop faible (50-60%"
,,,
3992995,Commentaires_globaux_Test_1et2,MonCal.Facts.RF,"Il y a globalement plus de bonnes réponses avec 14 savoirs certains, 1 savoir fragile, 2 erreurs présumées et 3 erreurs dangereuses. La courbe en J des réponses correctes est bien avec presque que du savoir certain. Mais la courbe J des réponses incorrectes n’est pas bonne car j’ai plus d’erreurs dangereuses que d’erreurs présumées."
3992998,Commentaires_globaux_Test_1et2,MonCal.Interpret,e peux donc espérer plus de réalisme en apprenant davantage.
,,,
3993002,Commentaires_globaux_Test_1et2,MonCal.Facts.RF,"J’ai eu 18 réponses correctes, 16 savoirs certains, 2 savoirs fragiles, et 2 erreurs dangereuses. Je n’ai aucune ignorance. Mes résultats sont proches de la courbe en J apparaissant"
3993003,Commentaires_globaux_Test_1et2,MonCal.Interpret,on peut penser que je suis assez prudent
3993004,Commentaires_globaux_Test_1et2,CTRL,"Pour le prochain test, j’éviterais la certitude 100%"
,,,
3993009,Commentaires_globaux_Test_1et2,MonCal.Facts.DC,Mes résultats sont de 16 savoirs certains et 4 erreurs dangereuses
3993019,Commentaires_globaux_Test_1et2,MotOrient.SelfEff,Ces scores sont dus à mes connaissances.
3993027,Commentaires_globaux_Test_1et2,MonCal.Interpret,La courbe en J et mes résultats sont de même cela révèle que je suis plus imprudent
3993030,Commentaires_globaux_Test_1et2,CTRL,Je pourrais devenir davantage réaliste lors de prochain test en acquérant (!) plus de connaissance.
,,,
3993031,Commentaires_globaux_Test_1et2,MonCal.Facts.RF,Il y a beaucoup de réponses correctes (14/20) 5 réponses d’ignorance et 1 réponse incorrecte
3993034,Commentaires_globaux_Test_1et2,MonCal.Facts.DC,Il y a un écart entre ma courbe et la courbe en J
3993036,Commentaires_globaux_Test_1et2,MonCal.Interpret,cela révèle une imprudence.
,,,
3993056,Commentaires_globaux_Test_1et2,MonCal.Facts.RF,Mon résultat est 17/20avec 3 erreurs dangereuses et 17 savoirs certains. Je n’ai pas eu d’ignorance.
3993063,Commentaires_globaux_Test_1et2,MonCal.Interpret,Mes résultats d’après les courbes en J révèle de l’imprudence tout de même
3993069,Commentaires_globaux_Test_1et2,CTRL,Je pourrais être plus prudent sur ma certitude des réponses pour les prochains tests.
,,,
3993074,Commentaires_globaux_Test_1et2,MonCal.Facts.RF,Il y a beaucoup de réponses correctes.
3993075,Commentaires_globaux_Test_1et2,MonCal.Facts.DC,Les courbes en J sont plutôt écrasées
3993076,Commentaires_globaux_Test_1et2,MonCal.Interpret,Trop prudent
3993084,Commentaires_globaux_Test_1et2,CTRL,"Pour devenir davantage réaliste lors du prochain test, je vais mieux revoir mes cours."
,,,
3993089,Commentaires_globaux_Test_1et2,MonCal.Facts.RF,Il y a beaucoup de réponses correctes. Je ne suis jamais sûr à 100% mais beaucoup à 90%Souvent la réponse est correcte mais je suis sûr qu’à 70%Je n’ignore jamais. Les 3 réponses incorrectes sont réparties sur 90 80 et 70%
3993090,Commentaires_globaux_Test_1et2,MotOrient.SelfEff,Il faut que j’aie un peu plus confiance en moi.
,,,
3993092,Commentaires_globaux_Test_1et2,MonCal.Facts.RF,"Il y a 13 réponses correctes avec un savoir certain , 0 savoir fragile, il y a donc un bon savoir. Sur les 3 réponses incorrectes, il y en a 2 dangereuses et une présumée."
3993096,Commentaires_globaux_Test_1et2,MonCal.Interpret,Cela montre un peu trop d’imprudence
3993106,Commentaires_globaux_Test_1et2,CTRL,J’espère devenir réaliste en prenant plus mon temps
3993107,Commentaires_globaux_Test_1et2,CTRL,en étant un peu plus prudent.
,,,
3993115,Commentaires_globaux_Test_1et2,MonCal.Facts.RF,"J’ai eu 15/20 avec 4 réponses incorrectes dont 1 erreur dangereuse et 3 erreurs présumées, 2 ignorance, et 14 réponses correctes sont 1 savoir facile et 13 savoirs certains."
3993117,Commentaires_globaux_Test_1et2,MonCal.Interpret,"Ma courbe de réponses correctes augment bien, et pour ce qui est de ma courbe de réponses incorrectes, elle doit avoir plus de d’erreurs présumées à 60%"
,,,
4011989,Commentaires_globaux_Test_1et2,MonCal.Facts.RF,"Globalement il y a eu beaucoup de réponses correctes, quelques réponses incorrectes et 0 ignorance."
4011991,Commentaires_globaux_Test_1et2,MonCal.Facts.DC,J’étais à 100% sur pour quelques questions alors que j’ai eu faux.
4012000,Commentaires_globaux_Test_1et2,MonCal.Interpret,Ca montre que je suis peut-être imprudent et sur
4012016,Commentaires_globaux_Test_1et2,CTRL,je devrai plus réfléchir sur les questions et mes connaissances
,,,
4012020,Commentaires_globaux_Test_1et2,MotOrient.Value,Les questions m’ont semblé assez simples
4012031,Commentaires_globaux_Test_1et2,MonCal.Facts.RF,je ne pensais pas avoir le résultat que j’ai eu (3 erreurs)
4012035,Commentaires_globaux_Test_1et2,MotOrient.SelfEff,Cela me montre qu’il faut que je me fasse plus confiance.
4012046,Commentaires_globaux_Test_1et2,MonCal.Facts.DC,"Question après question, j’étais plutôt sûre de moi."
,,,
4012055,Commentaires_globaux_Test_1et2,MonCal.Facts.RF,Il y a 9 réponses incorrectes et sur celles-ci 2 dangereuses et 7 présumées
4012093,Commentaires_globaux_Test_1et2,MotOrient.SelfEff,je ne suis vraiment pas sûr de moi : je pensais avoir encore plus de réponses fausses.
4012175,Commentaires_globaux_Test_1et2,StratKldg,"Le fait de doutais fais changer mon premier choix et mène aux erreurs. Même quand mes réponses sont justes, je doute quand même : j’ai souvent mis 80% car je suis assez sur et pour moi pas complètement."
,,,
4012177,Commentaires_globaux_Test_1et2,MonCal.Facts.RF,"Globalement, il y a plus de réponses correctes que de réponses incorrectes, et aucune ignorance."
4012180,Commentaires_globaux_Test_1et2,MonCal.Facts.DC,"Dans les courbes obtenues à la suite de mon test, j’ai plutôt un degré de certitude élevé sur les réponses justes et sur les réponses fausses."
4012192,Commentaires_globaux_Test_1et2,MonCal.Interpret,"En comparaison avec les graphiques en J, j’ai tendance à être trop imprudente, ayant tort avec un degré de certitude élevé, commettant des erreurs dangereuses"
4012195,Commentaires_globaux_Test_1et2,CTRL,"Pour espérer être davantage réaliste, je devrais faire preuve de plus de prudence quant aux réponses où je ne suis pas très sûre de moi."
,,,
4012205,Commentaires_globaux_Test_1et2,DomKldg,Je n’avais pas du tout relu mes cours auparavant donc quelques réponses étaient incertaines
4012201,Commentaires_globaux_Test_1et2,MotOrient.SelfEff,Je pense que je suis sûre de moi pour la plupart des questions
4012203,Commentaires_globaux_Test_1et2,BDS.Emotions,Vers la fin j’étais un peu fatiguée
,,,
4012206,Commentaires_globaux_Test_1et2,StratKldg,Des erreurs d’inattention
,,,
4012210,Commentaires_globaux_Test_1et2,MotOrient.SelfEff,"Je viens de faire un DS de physique-chimie alors mes connaissances étaient à jour, cela a clairement participé à ce score."
4012213,Commentaires_globaux_Test_1et2,MonCal.Facts.DC,J’étais confiant sur chacune de mes réponses
4012217,Commentaires_globaux_Test_1et2,DomKldg,"Toutefois, j’ai eu une faute sur une application numérique"
4012220,Commentaires_globaux_Test_1et2,MotOrient.SelfEff,un excès de confiance qui peut se retourner contre moi.
4012226,Commentaires_globaux_Test_1et2,MotOrient.Value,"Le test était instructif et a permis de revoir l’ensemble du programme, il m’a été très profitable."
,,,
4012233,Commentaires_globaux_Test_1et2,MonCal.Facts.RF,"Dans l’ensemble, je n’ai aucune réponse incorrecte et aucune ignorance"
4012239,Commentaires_globaux_Test_1et2,MonCal.Facts.DC,"De manière générale, j’ai un savoir relativement certain, en ayant qu’un seul à 100%."
4012250,Commentaires_globaux_Test_1et2,MotOrient.SelfEff,"A l’avenir, avoir plus de confiance en mes capacités et en moi même pourrait me permettre de m’améliorer"
4012253,Commentaires_globaux_Test_1et2,BDS.Emotions,je suis dans l’ensemble très satisfaite.
4012264,Commentaires_globaux_Test_1et2,MotOrient.SelfEff,"suivant les résultats que j’ai obtenu, il est logique de penser que j’aurais dû/ je devrais être sûre à 100%."
,,,
4013035,Commentaires_globaux_Test_1et2,MonCal.Facts.RF,J’ai eu beaucoup (~) de erreurs dangereuses mais en tout pas mal de réponse juste
4013038,Commentaires_globaux_Test_1et2,StratKldg,Je pense que certaines questions que je maitrise j’y suis aller trop vite et ai donc commis des erreurs
4013049,Commentaires_globaux_Test_1et2,MonCal.Interpret,J’ai était plutôt prudent mais c’est justifier car j’ai eu autant de fausses pas sûr que juste pas sûr.
4013051,Commentaires_globaux_Test_1et2,CTRL,Il faut donc prendre son temps et vérifier même si on est sûr de la réponse.
,,,
4013053,Commentaires_globaux_Test_1et2,MonCal.Facts.RF,Il y a une majorité de réponses correctes
4013056,Commentaires_globaux_Test_1et2,StratKldg,"en revanche, des erreurs d’inattention dans la lecture des questions donnent lieues à certaines erreurs dangereuses qui n’avaient pas lieu d’être."
4013059,Commentaires_globaux_Test_1et2,MotOrient.SelfEff,"De plus, je pense aussi avoir été trop confiante dans mes résultats."
4013063,Commentaires_globaux_Test_1et2,CTRL,Il faut donc que je prenne plus de temps pour répondre & lire les questions la prochaine fois.
,,,
4013068,Commentaires_globaux_Test_1et2,MonCal.Facts.RF,19/24 : savoir certain : 13savoir fragile : 6erreur présumée : 3erreur dangereuse : 2
4013071,Commentaires_globaux_Test_1et2,CTRL,"à améliorer : un peu d’imprudence-> se faire plus confiance, se fier à l’intuition"
4013076,Commentaires_globaux_Test_1et2,MotOrient.SelfEff,J’attribue ce score global à la chance
,,,
4013077,Commentaires_globaux_Test_1et2,MonCal.Facts.RF,"Globalement, il y a beaucoup de réponses correctes, (17 sur 24)"
4013086,Commentaires_globaux_Test_1et2,MotOrient.SelfEff,la plupart étant jugée de manière réaliste
4013092,Commentaires_globaux_Test_1et2,MotOrient.SelfEff,"Cependant, la plupart de mes erreurs sont dangereuses : je pensais avoir juste. Donc, je suis un peu trop sûr de moi"
4013098,Commentaires_globaux_Test_1et2,MonCal.Interpret,Mais je suis quand même relativement prudent
4013104,Commentaires_globaux_Test_1et2,StratKldg,je ne veux donc pas monter que je ne sais pas
,,,
4013111,Commentaires_globaux_Test_1et2,MonCal.Facts.RF,Grosso modo la quantité de réponse juste et de réponses fausses sont presque les mêmes.
4013115,Commentaires_globaux_Test_1et2,StratKldg,le fait de n’avoir fait aucunes révisions augmentent les réponses erreurs dangereuses et erreur présumée
4013119,Commentaires_globaux_Test_1et2,StratKldg,"Vers la fin, j’avais aussi envie de terminer plus rapidement, donc j’ai répondu un peu rapidement, avec un degré de confiance plus faible"
4013122,Commentaires_globaux_Test_1et2,BDS.Emotions,je suis satisfaite
,,,
4013132,Commentaires_globaux_Test_1et2,DomKldg,Mes réponses correctes sont celles sur les chapitres que je maîtrisait le plus et sur les chapitres les plus récentes.
4013135,Commentaires_globaux_Test_1et2,DomKldg,"Le chapitre sur les ondes mécaniques au début de l’année, j’ai eu des réponses incorrectes dessous, puisque j’avais oublié la leçon."
4013136,Commentaires_globaux_Test_1et2,MonCal.Interpret,J’ai été imprudente sur plusieurs questions
4013138,Commentaires_globaux_Test_1et2,StratKldg,parfois je ne comprenais pas et donc je répondais au hasard.
,,,
4013143,Commentaires_globaux_Test_1et2,MonCal.Facts.RF,"J’ai eu beaucoup de réponses correctes, seulement 2 incorrectes."
4013146,Commentaires_globaux_Test_1et2,MonCal.Facts.DC,Ces deux réponses incorrectes étaient des erreurs présumées.
4013148,Commentaires_globaux_Test_1et2,MotOrient.SelfEff,J’espère devenir davantage réaliste car j’ai été très peu sûr lors de mes réponses malgré un grand nombre de réponses justes.
,,,
4013151,Commentaires_globaux_Test_1et2,MonCal.Facts.RF,"J’ai eu quatre réponses fausses, dont une dangereuse. Je n’ai eu aucune ignorance, mais je n’étais pas absolument sûre de la plupart de mes réponses."
4013153,Commentaires_globaux_Test_1et2,DomKldg,Mes connaissances sont satisfaisantes
4013162,Commentaires_globaux_Test_1et2,CTRL,"Je pense donc que pour être plus réaliste, je devrais me faire plus confiance,"
4013164,Commentaires_globaux_Test_1et2,MotOrient.SelfEff,"c’est un gros problème que j’ai depuis très longtemps ! Je voudrais donc finir par dire merci pour ce test, c’était un bon boost de confiance ! :)"
4013167,Commentaires_globaux_Test_1et2,StratKldg,"il faut que j’avoue avoir répondu à toutes les questions en mettant que je n’étais vraiment pas sûre, puis j’avais relu une deuxième fois en essayant d’être plus confiante dans les réponses que j’avais mise"
,,,
4013169,Commentaires_globaux_Test_1et2,MonCal.Facts.RF,J’étais globalement assez cohérente dans mon degré de certitude et la justesse de mes réponses
4013173,Commentaires_globaux_Test_1et2,StratKldg,"Je cherche peut-être trop les pièges (après vérification avec le professeur, mon raisonnement était juste même si noté faux)"
,,,
4013178,Commentaires_globaux_Test_1et2,MonCal.Facts.RF,J’ai une majorité de réponses correctes mais je n’ose jamais être sûr à 100%. Toutes mes fautes ont été pressenties mais certaines réponses correctes n’étaient pas certaines.
4013187,Commentaires_globaux_Test_1et2,MotOrient.SelfEff,Je pense que cela montre que je n’ai pas entièrement confiance à mon savoir mais que je sais mes limites de mes connaissances.
,,,
4013191,Commentaires_globaux_Test_1et2,MotOrient.SelfEff,Je pense ne pas être assez sûr de moi pour certaines questions
,,,
4013200,Commentaires_globaux_Test_1et2,MonCal.Facts.DC,J’ai 2 réponses incorrectes qui sont toutes les 2 des réponses dangereuses. J’ai plus de savoir certain que fragile (18>4).
,,,
4013203,Commentaires_globaux_Test_1et2,MonCal.Facts.RF,(17/24)5 réponses fausses3 ignorance16 réponses correctes
4013207,Commentaires_globaux_Test_1et2,StratKldg,Le graphe des réponses incorrectes ne me parait logique (sa forme) car j’ai trop tendance à assumer des choses que je ne connais pas
4013214,Commentaires_globaux_Test_1et2,DomKldg,je ne connaisse pas ma leçon de chimie et que je comprends assez bien la physique.
4013218,Commentaires_globaux_Test_1et2,CTRL,Pour le prochain test (s’il y en a un) il faudra que j’apprenne mieux ma leçon de chimie.
,,,
4013226,Commentaires_globaux_Test_1et2,MonCal.Facts.RF,"Pour la plupart des questions, j’ai plutôt bien réussi à dire si j’allais avoir juste ou non"
4013233,Commentaires_globaux_Test_1et2,MonCal.Interpret,C’est quand même intéressant de voir sur quelles questions on a fait une erreur dangereuse car je me suis rendu compte que je faisais quelques erreurs bêtes. *
4013235,Commentaires_globaux_Test_1et2,MonCal.Interpret,même si j’ai été plutôt prudente
4013238,Commentaires_globaux_Test_1et2,CTRL,"Pour espérer devenir davantage réaliste, je pourrais plus me faire confiance lorsque je sens que c’est la bonne réponse"
,,,
4013244,Commentaires_globaux_Test_1et2,MonCal.Facts.DC,J’observe une bonne certitude sur une majorité des questions
4013248,Commentaires_globaux_Test_1et2,DomKldg,à part peut-être pour certains concepts de la chimie.
,,,
4013250,Commentaires_globaux_Test_1et2,MotOrient.SelfEff,"Globalement, le test m’a donné de la confiance dans mes connaissances"
4013253,Commentaires_globaux_Test_1et2,MonCal.Facts.RF,"La majorité des questions sont correctes, mais certaines incorrectes n’ont pas été détecté."
,,,
4013258,Commentaires_globaux_Test_1et2,MonCal.Interpret,Beaucoup d’incertitude (trop prudent)
4013263,Commentaires_globaux_Test_1et2,CTRL,prendre plus de temps pour réfléchir et avoir plus de connaissances.
,,,
4013322,Commentaires_globaux_Test_1et2,MonCal.Facts.RF,Globalement presque la majorité de mes réponses si situent dans un savoir certain (19/40)
4013326,Commentaires_globaux_Test_1et2,MonCal.Interpret,Cependant trop d’erreurs dangereuses (7/40)
,,,
4013331,Commentaires_globaux_Test_1et2,MonCal.Facts.RF,Il y a globalement beaucoup de réponses correctes et principalement certaines mais trop de réponses fausses dangereuses (7)
4013337,Commentaires_globaux_Test_1et2,DomKldg,surement dû à une mauvaise compréhension de cette partie du cours
,,,
4013340,Commentaires_globaux_Test_1et2,MonCal.Facts.RF,"Il y a eu plus de réponses correctes que d’erreurs, mais aussi un certain nombre d’ignorances"
4013345,Commentaires_globaux_Test_1et2,MonCal.Interpret,Les erreurs présumées sont nombreuses ce qui révèle un degré élevé de prudence
4013351,Commentaires_globaux_Test_1et2,CTRL,Il faudrait que je révise davantage pour le prochain test
4013355,Commentaires_globaux_Test_1et2,MotOrient.SelfEff,être un peu plus sûr de moi.
4013357,Commentaires_globaux_Test_1et2,CTRL,"Et après avoir vu les réponses, il faut que je lise mieux l’énoncé et prendre le temps de répondre sans me précipiter."
,,,
4013363,Commentaires_globaux_Test_1et2,MonCal.Facts.RF,Le résultat donne 34 réponses correctes avec 5 savoirs fragiles. Aucune ignorance déclarée.
4013364,Commentaires_globaux_Test_1et2,DomKldg,Ce qui permet de voir qu’il y a des bases solides
4013367,Commentaires_globaux_Test_1et2,MonCal.Interpret,quelques erreurs dangereuses donc quelques confusions
,,,
4013369,Commentaires_globaux_Test_1et2,DomKldg,Mes connaissances insuffisantes
4013371,Commentaires_globaux_Test_1et2,MonCal.Interpret,"Parfois, certaines des réponses me paraissent justes mais elles ne le sont pas. Cela reflète les erreurs dangereuses"
4013375,Commentaires_globaux_Test_1et2,CTRL,il faudrait que je sois bien plus rigoureux sur les connaissances de cours
,,,
4013378,Commentaires_globaux_Test_1et2,StratKldg,Je pense que j’ai mal lu certains énoncés ce qui m’a porté l’oeil.
,,,
4013380,Commentaires_globaux_Test_1et2,MonCal.Facts.RF,Les réponses sont essentiellement certaines (que ce soit juste ou faux).
4013385,Commentaires_globaux_Test_1et2,DomKldg,plusieurs mauvaises réponses dues à un oubli de cours
4013387,Commentaires_globaux_Test_1et2,CTRL,"Lors du prochain test, approfondir les connaissances manquantes et éviter les confusions."
,,,
4013388,Commentaires_globaux_Test_1et2,MonCal.Facts.RF,"Globalement j’ai beaucoup de réponses correctes, peu de réponses incorrectes et peu d’ignorances."
4013394,Commentaires_globaux_Test_1et2,MonCal.Facts.DC,"Dans les réponses correctes, j’ai beaucoup plus de savoirs certains que de savoir fragile"
4013396,Commentaires_globaux_Test_1et2,MotOrient.SelfEff,ce qui montre que j’ai confiance en mes connaissances.
,,,
4013399,Commentaires_globaux_Test_1et2,StratKldg,J’aurais dû mieux apprendre mes cours et certaines fois être plus attentive aux documents car j’ai fait deux erreurs de lecture que j’aurais surement pu éviter
4013405,Commentaires_globaux_Test_1et2,MonCal.Interpret,J’ai répondu au hasard sur peu de questions mais je n’étais pas sure pour certaines c’est pourquoi j’ai eu plusieurs savoirs fragiles et quelques erreurs présumées.
,,,
4013409,Commentaires_globaux_Test_1et2,MonCal.Facts.RF,"J’ai eu 26/40 dont 10 erreurs dangereuses, 3 erreurs présumées et 2 ignorances déclarées, 3 savoirs fragiles et 22 savoirs certains."
4013411,Commentaires_globaux_Test_1et2,CTRL,l faudra donc que je révise mon cours avant
4013414,Commentaires_globaux_Test_1et2,MotOrient.Value,Le test est utile pour savoir quoi revoir.
,,,
4013417,Commentaires_globaux_Test_1et2,MonCal.Facts.RF,"Résultat 22/40 dont 16 incorrectes, 3 ignorance 21 correctes Il y a beaucoup de réponses incorrectes"
4013419,Commentaires_globaux_Test_1et2,MotOrient.SelfEff,J’espère faire mieux la prochaine fois sachant que je m’attendais à pire
,,,
4013422,Commentaires_globaux_Test_1et2,MonCal.Facts.RF,J’ai obtenu le score de 35/40
4013424,Commentaires_globaux_Test_1et2,MonCal.Facts.DC,J’ai 20 savoir certains et 15 savoir fragile
4013427,Commentaires_globaux_Test_1et2,MotOrient.SelfEff,cela montre que je ne suis pas sure de moi.
4013430,Commentaires_globaux_Test_1et2,MotOrient.Value,Ce test est très bien car il permet de nous positionner sur nos réponses. Je suis contente d’avoir réalisé ce test.
,,,
4013433,Commentaires_globaux_Test_1et2,DomKldg,Manque de connaissance sur certains chapitres
,,,
4013435,Commentaires_globaux_Test_1et2,MonCal.Facts.RF,"Globalement j’ai eu 28 savoirs certains (sur 40) ce qui est relativement correcte. Cependant, mon taux d’erreurs dangereuses étant de 20% (8 sur 40)"
4013442,Commentaires_globaux_Test_1et2,MonCal.Interpret,démontre bien que je suis assez imprudent
4013444,Commentaires_globaux_Test_1et2,MotOrient.SelfEff,que je pense de temps en temps avoir des connaissances certaines or ce n’est visiblement pas toujours le cas.
,,,
4013447,Commentaires_globaux_Test_1et2,MonCal.Facts.DC,"Avec les résultats obtenus, je peux remarquer que mon savoir et soit certain soit dangereux"
4013449,Commentaires_globaux_Test_1et2,DomKldg,Je n’ai pas assez revu certain chapitre.
4013449,Commentaires_globaux_Test_1et2,DomKldg,Je n’ai pas assez revu certain chapitre.
,,,
4013454,Commentaires_globaux_Test_1et2,MonCal.Facts.RF,La majorité de mes réponses sont correctes et dans un savoir certain ce qui est un point satisfaisant
4013455,Commentaires_globaux_Test_1et2,MonCal.Interpret,Cependant je dirai que je suis imprudent puisque j’ai fait 8 erreurs dangereuses.
,,,
4013457,Commentaires_globaux_Test_1et2,MonCal.Facts.RF,"Note 25/40 Dont 9 erreurs dangereuses. 6 erreur présumées, 0 ignorance, 5 savoirs fragiles, 20 savoirs certains. Il y a donc une différence significative entre les erreurs dangereuses et les savoirs certains."
4013459,Commentaires_globaux_Test_1et2,CTRL,"Pour devenir davantage réaliste, il faudrait relire les cours afin d’être plus sure."
,,,
4013462,Commentaires_globaux_Test_1et2,MonCal.Facts.RF,"J’ai fait 29 bonnes réponses sur 40 dont 25 savoirs certains, 3 fragile. 1 ignorance, 10 erreurs dangereuses et 6 présumées."
4013465,Commentaires_globaux_Test_1et2,CTRL,"Pour les prochains tests, il faut que je retravaille mon cours car je n’ai pas vraiment travaillé"
4013467,Commentaires_globaux_Test_1et2,MotOrient.Value,J’ai trouvé le test utile pour les révisions
,,,
4013469,Commentaires_globaux_Test_1et2,MotOrient.SelfEff,Trop de confiance en moi
4013471,Commentaires_globaux_Test_1et2,MonCal.Facts.RF,Beaucoup de réponses correctes mais beaucoup d’erreurs dangereuses. Aucune ignorance.
4013472,Commentaires_globaux_Test_1et2,MonCal.Interpret,Je suis peut-être imprudente
4013474,Commentaires_globaux_Test_1et2,MotOrient.SelfEff,"Lors du prochain test, j’aurais surement réussi."
,,,
4015097,Commentaires_globaux_Test_1et2,MonCal.Facts.DC,"Sur 44 questions, j’ai 3 erreurs dangereuses, 6 erreurs présumées, 2 ignorances déclarées, 7 savoirs fragiles et 26 savoirs certains."
4015099,Commentaires_globaux_Test_1et2,MonCal.Interpret,"Globalement, j’ai des bons résultats mais il reste beaucoup d’erreurs et des incertitudes"
,,,
4015101,Commentaires_globaux_Test_1et2,MonCal.Facts.RF,"J’ai eu 27/44 dont 17 savoirs certains, 10 savoirs fragiles et 8 erreurs dangereuses"
4015103,Commentaires_globaux_Test_1et2,DomKldg,je manque de connaissances
4015104,Commentaires_globaux_Test_1et2,MotOrient.SelfEff,je manque de connaissances et de confiance en moi.
,,,
4015109,Commentaires_globaux_Test_1et2,MotOrient.SelfEff,En accords avec mes notes actuel et manque énorme de confiance en moi.
,,,
4015111,Commentaires_globaux_Test_1et2,MonCal.Facts.RF,"J’ai eu 28/44, j’ai eu 24 réponses correctes"
4015113,Commentaires_globaux_Test_1et2,MonCal.Facts.DC,plus de savoirs fragiles que de savoirs certains
4015114,Commentaires_globaux_Test_1et2,MonCal.Interpret,je n’étais pas sûr de mes connaissances sur certaines réponses.
,,,
4015116,Commentaires_globaux_Test_1et2,MotOrient.SelfEff,"Globalement, quand je sais quelque chose, j’en suis sûre, cependant il m’arrive de me surestimer."
,,,
4015118,Commentaires_globaux_Test_1et2,MonCal.Facts.RF,J’ai eu des réponses certaines à la moitié du test (22 sur 44) avec peu d’ignorances déclarées (5).
4015121,Commentaires_globaux_Test_1et2,MotOrient.SelfEff,je suis trop sûr de moi
,,,
4015123,Commentaires_globaux_Test_1et2,MonCal.Interpret,"J’ai assez de réponse juste, avec un nombre assez correct de savoir certain"
4015126,Commentaires_globaux_Test_1et2,StratKldg,"J’ai eu pas mal d’erreur dangereuse, je devrai donc faire plus attention"
,,,
4015128,Commentaires_globaux_Test_1et2,MonCal.Facts.RF,28/44
4015129,Commentaires_globaux_Test_1et2,MotOrient.SelfEff,Je pensais avoir moins
4015130,Commentaires_globaux_Test_1et2,MotOrient.SelfEff,je pense que j’aurai pu être plus sûr de mes réponses correctes et éviter les erreurs dangereuses.
,,,
4015132,Commentaires_globaux_Test_1et2,MonCal.Facts.RF,2 erreurs dangereuses6 erreurs présumées3 ignorances déclarées12 savoirs fragiles21 savoirs certains
,,,
4015134,Commentaires_globaux_Test_1et2,MonCal.Interpret,Je trouve que j’ai trop eu d’erreurs dangereuses alors que je pensais avoir juste.
4015135,Commentaires_globaux_Test_1et2,StratKldg,"Mais cependant, j’étais sûr d’avoir des bonnes réponses et cela m’a plutôt réussi."
,,,
4015137,Commentaires_globaux_Test_1et2,MonCal.Facts.RF,Beaucoup d’erreurs dangereuses (10) mais également beaucoup de savoir certain (27)
4015138,Commentaires_globaux_Test_1et2,MotOrient.SelfEff,"Je suis trop dans les extrêmes, je me surestime parfois."
,,,
4015139,Commentaires_globaux_Test_1et2,MotOrient.Value,Bon test pour s’auto-évaluer
4015140,Commentaires_globaux_Test_1et2,MotOrient.SelfEff,un peu de manque de confiance en soi
4015142,Commentaires_globaux_Test_1et2,MonCal.Interpret,Et un peu trop d’erreurs dangereuses
,,,
4015143,Commentaires_globaux_Test_1et2,MonCal.Facts.RF,"26 réponses correctes : 9 savoirs certains, et 17 savoirs fragiles, 8 ignorances10 réponses incorrectes : 8 erreurs présumées, et 2 erreurs dangereuses."
4015144,Commentaires_globaux_Test_1et2,MotOrient.SelfEff,Je ne suis pas sûr de moi
,,,
4015146,Commentaires_globaux_Test_1et2,MonCal.Facts.RF,"13 réponses incorrectes : 5 erreurs dangereuses et 8 erreurs présumées1 ignorance30 réponses correctes : 17 savoir fragile, 13 savoir certain"
4015147,Commentaires_globaux_Test_1et2,MotOrient.SelfEff,Manque de confiance en soi
,,,
4015149,Commentaires_globaux_Test_1et2,BDS.Emotions,"Je suis fier de moi,"
4015150,Commentaires_globaux_Test_1et2,MonCal.Interpret,trop d’erreur dangereuse
4015152,Commentaires_globaux_Test_1et2,MonCal.Facts.DC,Pas trop d’écarts avec les courbes en J
4015153,Commentaires_globaux_Test_1et2,MonCal.Interpret,Beaucoup d’imprudence.
,,,
4015154,Commentaires_globaux_Test_1et2,MotOrient.SelfEff,Je me sous estimes parfois
4015156,Commentaires_globaux_Test_1et2,DomKldg,j’ai un manque de connaissances.
,,,
4015157,Commentaires_globaux_Test_1et2,MonCal.Facts.RF,Globalement j’ai plutôt des réponses correctes
4015158,Commentaires_globaux_Test_1et2,MonCal.Interpret,"je suis plutôt prudente, je sais quand mon savoir est certain ou fragile"
4015160,Commentaires_globaux_Test_1et2,DomKldg,connaissance du cours trop fragile
4015161,Commentaires_globaux_Test_1et2,CTRL,travail davantage
,,,
4015171,Commentaires_globaux_Test_1et2,MonCal.Facts.RF,31/44
4015173,Commentaires_globaux_Test_1et2,MotOrient.SelfEff,Je pensais avoir un peu moins (score)
4015176,Commentaires_globaux_Test_1et2,StratKldg,"J’ai fait des erreurs d’inattention, sans vraiment réfléchir à toutes les questions."
,,,
4017629,Commentaires_globaux_Test_1et2,MotOrient.SelfEff,Dans l’ensemble je suis très voire trop sûr de moi 
4017632,Commentaires_globaux_Test_1et2,MonCal.Facts.DC,La courbe d’erreur ne forme pas un J contrairement à la courbe de bonnes réponses
4017633,Commentaires_globaux_Test_1et2,MotOrient.SelfEff,Cela révèle de trop de confiance sur certaine de mes réponses
4017637,Commentaires_globaux_Test_1et2,DomKldg,d’un manque de connaissances sur certains points
4017640,Commentaires_globaux_Test_1et2,CTRL,Je pourrais être plus réaliste en révisant plus et en me précipitant moins
,,,
4017644,Commentaires_globaux_Test_1et2,MonCal.Facts.RF,"Sur 44 questions, j’ai répondu juste à 34 questions en étant sûr et je suis trop sûr de moi donc j’ai eu faux à 10 questions en pensant être sûr de la réponse."
,,,
4017649,Commentaires_globaux_Test_1et2,MonCal.Facts.RF,"Globalement, j’ai beaucoup de réponses correctes et un peu de réponses incorrectes dangereuses"
,,,
4017650,Commentaires_globaux_Test_1et2,MonCal.Interpret,J’ai des résultats qui me satisfait mais je fais beaucoup d’erreur grave selon moi
,,,
4017653,Commentaires_globaux_Test_1et2,MotOrient.SelfEff,je semble encore trop confiant
,,,
4017656,Commentaires_globaux_Test_1et2,MonCal.Facts.RF,"Sur 44 questions, j’ai 33 réponses correctes composée de 30 savoir certain et 11 réponses fausses composées de 9 erreurs dangereuses"
,,,
4017662,Commentaires_globaux_Test_1et2,MonCal.Facts.RF,Peu d’erreurs dangereuses et de bonnes réponses mais peu de certitudes
,,,
4017666,Commentaires_globaux_Test_1et2,MonCal.Interpret,trop d’erreur dangereuse
,,,
4017675,Commentaires_globaux_Test_1et2,MotOrient.SelfEff,Trop de confiance
4017674,Commentaires_globaux_Test_1et2,MonCal.Facts.RF,beaucoup d’erreurs où je pensais avoir juste
,,,
4013479,Commentaires_globaux_Test_1et2,MonCal.Facts.RF,"Globalement il y a une majorité de réponses correctes avec 22 savoir certain, 6 savoir fragile, 4 ignorances, 4 erreur présumée et 4 erreur dangereuse"
4013482,Commentaires_globaux_Test_1et2,StratKldg,Mes erreurs dangereuses sont surtout dues a des petites erreurs d’étourderie.
4013484,Commentaires_globaux_Test_1et2,CTRL,"Pour la prochaine fois, il faudrait que je prenne un peu plus de recul pour éviter les erreurs d’étourderie"
,,,
4013486,Commentaires_globaux_Test_1et2,MonCal.Facts.RF,J’ai obtenu 31 réponses correctes avec une grande majorité de savoir certain
4013489,Commentaires_globaux_Test_1et2,StratKldg,j’ai mis bcp de temps à faire le test.
,,,
4013490,Commentaires_globaux_Test_1et2,MonCal.Facts.RF,Globalement il y a plus de réponse correcte que de réponses incorrectes et que d’ignorance
4013493,Commentaires_globaux_Test_1et2,CTRL,"en apprenant mieux en cours,"
4013497,Commentaires_globaux_Test_1et2,MotOrient.SelfEff,"ce qui me permettra donc d’être plus sûr de moi, de plus avoir confiance en moi."
,,,
4013499,Commentaires_globaux_Test_1et2,StratKldg,"Je n’ai pas appris mon cours car dans certains cas, les formules étaient omniprésentes, donc des erreurs surviennent."
4013501,Commentaires_globaux_Test_1et2,MotOrient.Value,"Globalement, ce test était simple même pour réviser."
,,,
4013505,Commentaires_globaux_Test_1et2,MonCal.Facts.RF,J’ai eu 31/40.
4013508,Commentaires_globaux_Test_1et2,StratKldg,Quelques erreurs d’étourderie de frappe… mais surtout de lecture.
4013509,Commentaires_globaux_Test_1et2,BDS.Emotions,Je suis assez contente du résultat
,,,
4013511,Commentaires_globaux_Test_1et2,MonCal.Facts.RF,"Globalement, il y a plus de réponses correctes que incorrects mais le résultat reste juste"
4013514,Commentaires_globaux_Test_1et2,MonCal.Facts.DC,j’ai aussi fait beaucoup d’erreurs dangereuse
4013516,Commentaires_globaux_Test_1et2,CTRL,Rester plus réaliste lors du prochain test.
,,,
4013518,Commentaires_globaux_Test_1et2,MonCal.Interpret,Je me rends compte du fait qu’il y ait un nombre d’erreurs dangereuses trop élevé
4013521,Commentaires_globaux_Test_1et2,DomKldg,Je n’ai certainement pas assez travaillé
4013524,Commentaires_globaux_Test_1et2,StratKldg,"De plus, je me suis fait piéger lors de certaines q. car je suis allé trop vite."